/*!40101 SET @OLD_CHARACTER_SET_CLIENT=@@CHARACTER_SET_CLIENT */;
/*!40101 SET NAMES utf8 */;
/*!50503 SET NAMES utf8mb4 */;
/*!40103 SET @OLD_TIME_ZONE=@@TIME_ZONE */;
/*!40103 SET TIME_ZONE='+00:00' */;
/*!40014 SET @OLD_FOREIGN_KEY_CHECKS=@@FOREIGN_KEY_CHECKS, FOREIGN_KEY_CHECKS=0 */;
/*!40101 SET @OLD_SQL_MODE=@@SQL_MODE, SQL_MODE='NO_AUTO_VALUE_ON_ZERO' */;
/*!40111 SET @OLD_SQL_NOTES=@@SQL_NOTES, SQL_NOTES=0 */;

CREATE TABLE IF NOT EXISTS `form_builder` (
  `id` bigint NOT NULL AUTO_INCREMENT,
  `database` varchar(50) CHARACTER SET utf8mb4 COLLATE utf8mb4_general_ci DEFAULT NULL,
  `api_create` varchar(150) COLLATE utf8mb4_general_ci DEFAULT NULL,
  `api_uptade` varchar(150) COLLATE utf8mb4_general_ci DEFAULT NULL,
  `mail_confirm` json DEFAULT NULL,
  `created_at` datetime DEFAULT (now()),
  `updated_at` datetime DEFAULT (now()) ON UPDATE CURRENT_TIMESTAMP,
  `deleted_at` datetime DEFAULT NULL,
  PRIMARY KEY (`id`)
) ENGINE=InnoDB AUTO_INCREMENT=55 DEFAULT CHARSET=utf8mb4 COLLATE=utf8mb4_general_ci;

INSERT INTO `form_builder` (`id`, `database`, `api_create`, `api_uptade`, `mail_confirm`, `created_at`, `updated_at`, `deleted_at`) VALUES
	(50, 'sgc', NULL, NULL, NULL, '2025-04-23 23:11:10', '2025-04-23 23:11:10', NULL),
	(54, 'hform', NULL, NULL, NULL, '2025-04-24 00:10:31', '2025-04-24 00:10:31', NULL);

CREATE TABLE IF NOT EXISTS `form_builder_field` (
  `id` bigint NOT NULL AUTO_INCREMENT,
  `form_builder_id` bigint DEFAULT NULL,
  `form_builder_style_row_id` bigint DEFAULT NULL,
  `database` varchar(50) COLLATE utf8mb4_general_ci DEFAULT NULL,
  `table` varchar(50) COLLATE utf8mb4_general_ci DEFAULT NULL,
  `column` varchar(50) CHARACTER SET utf8mb4 COLLATE utf8mb4_general_ci DEFAULT NULL,
  `label` varchar(50) CHARACTER SET utf8mb4 COLLATE utf8mb4_general_ci DEFAULT NULL,
  `col_sm` varchar(50) COLLATE utf8mb4_general_ci DEFAULT NULL,
  `form_on` enum('Y','N') COLLATE utf8mb4_general_ci DEFAULT NULL,
  `order` int DEFAULT NULL,
  `type` varchar(50) CHARACTER SET utf8mb4 COLLATE utf8mb4_general_ci DEFAULT NULL,
  `accessKey` varchar(50) COLLATE utf8mb4_general_ci DEFAULT NULL,
  `placeholder` varchar(50) COLLATE utf8mb4_general_ci DEFAULT NULL,
  `required` enum('Y','N') CHARACTER SET utf8mb4 COLLATE utf8mb4_general_ci DEFAULT NULL,
  `tabIndex` varchar(50) COLLATE utf8mb4_general_ci DEFAULT NULL,
  `sub_type` varchar(50) CHARACTER SET utf8mb4 COLLATE utf8mb4_general_ci DEFAULT NULL,
  `tipoMask` varchar(50) COLLATE utf8mb4_general_ci DEFAULT NULL,
  `autoFocus` varchar(50) COLLATE utf8mb4_general_ci DEFAULT NULL,
  `maxLength` varchar(50) COLLATE utf8mb4_general_ci DEFAULT NULL,
  `minLength` varchar(50) COLLATE utf8mb4_general_ci DEFAULT NULL,
  `pattern` varchar(50) COLLATE utf8mb4_general_ci DEFAULT NULL,
  `errorMessage` varchar(50) COLLATE utf8mb4_general_ci DEFAULT NULL,
  `map_list_table` varchar(50) CHARACTER SET utf8mb4 COLLATE utf8mb4_general_ci DEFAULT NULL,
  `map_list_table_column_key` varchar(50) CHARACTER SET utf8mb4 COLLATE utf8mb4_general_ci DEFAULT NULL,
  `map_list_table_column_value` varchar(50) CHARACTER SET utf8mb4 COLLATE utf8mb4_general_ci DEFAULT NULL,
  `map_list` json DEFAULT NULL,
  `created_at` datetime DEFAULT (now()),
  `updated_at` datetime DEFAULT (now()) ON UPDATE CURRENT_TIMESTAMP,
  `deleted_at` datetime DEFAULT NULL,
  PRIMARY KEY (`id`),
  KEY `form_builder_id` (`form_builder_id`),
  KEY `FK_form_builder_field_form_builder_style_row` (`form_builder_style_row_id`),
  CONSTRAINT `FK_form_builder_field_form_builder_style_row` FOREIGN KEY (`form_builder_style_row_id`) REFERENCES `form_builder_style_row` (`id`) ON DELETE SET NULL ON UPDATE SET NULL,
  CONSTRAINT `FK_form_field_builder_form_builder` FOREIGN KEY (`form_builder_id`) REFERENCES `form_builder` (`id`) ON DELETE SET NULL ON UPDATE SET NULL
) ENGINE=InnoDB AUTO_INCREMENT=852 DEFAULT CHARSET=utf8mb4 COLLATE=utf8mb4_general_ci;

INSERT INTO `form_builder_field` (`id`, `form_builder_id`, `form_builder_style_row_id`, `database`, `table`, `column`, `label`, `col_sm`, `form_on`, `order`, `type`, `accessKey`, `placeholder`, `required`, `tabIndex`, `sub_type`, `tipoMask`, `autoFocus`, `maxLength`, `minLength`, `pattern`, `errorMessage`, `map_list_table`, `map_list_table_column_key`, `map_list_table_column_value`, `map_list`, `created_at`, `updated_at`, `deleted_at`) VALUES
	(721, 50, 207, 'sgc', 'pro_cadastro', 'id', 'ID', 'col-12 col-sm-4', 'Y', 1, 'text', NULL, 'ID', 'N', '1', 'HformInputTextLetters', NULL, NULL, NULL, NULL, NULL, NULL, NULL, NULL, NULL, NULL, '2025-04-23 23:11:10', '2025-04-24 00:11:37', NULL),
	(722, 50, 169, 'sgc', 'pro_cadastro', 'pro_origem_id', 'Origem (ID)', 'col-12 col-sm-4', 'Y', 2, 'text', NULL, 'Origem (ID)', 'N', '2', 'HformInputTextLetters', NULL, NULL, NULL, NULL, NULL, NULL, NULL, NULL, NULL, NULL, '2025-04-23 23:11:10', '2025-04-23 23:11:10', NULL),
	(723, 50, 169, 'sgc', 'pro_cadastro', 'tipo', 'Tipo', 'col-12 col-sm-4', 'Y', 3, 'dropdown', NULL, 'Tipo', 'N', '3', 'AppSelect', NULL, NULL, NULL, NULL, NULL, NULL, NULL, NULL, NULL, NULL, '2025-04-23 23:11:10', '2025-04-23 23:11:10', NULL),
	(724, 50, 170, 'sgc', 'pro_cadastro', 'active', 'Ativo', 'col-12 col-sm-4', 'Y', 4, 'radio', NULL, 'Ativo', 'N', '4', 'AppRadio', NULL, NULL, NULL, NULL, NULL, NULL, NULL, NULL, NULL, NULL, '2025-04-23 23:11:10', '2025-04-23 23:11:10', NULL),
	(725, 50, 170, 'sgc', 'pro_cadastro', 'sigla_pronome_tratamento', 'SIGLA / Pronome de tratamento', 'col-12 col-sm-4', 'Y', 5, 'text', NULL, 'SIGLA / Pronome de tratamento', 'N', '5', 'HformInputTextLetters', NULL, NULL, NULL, NULL, NULL, NULL, NULL, NULL, NULL, NULL, '2025-04-23 23:11:10', '2025-04-23 23:11:10', NULL),
	(726, 50, 170, 'sgc', 'pro_cadastro', 'nome', 'Nome', 'col-12 col-sm-4', 'Y', 6, 'text', NULL, 'Nome', 'N', '6', 'HformInputTextLetters', NULL, NULL, NULL, NULL, NULL, NULL, NULL, NULL, NULL, NULL, '2025-04-23 23:11:10', '2025-04-23 23:11:10', NULL),
	(727, 50, 171, 'sgc', 'pro_cadastro', 'cnpj_cpf', 'CNPJ/CPF', 'col-12 col-sm-4', 'Y', 7, 'text', NULL, 'CNPJ/CPF', 'N', '7', 'HformInputTextLetters', NULL, NULL, NULL, NULL, NULL, NULL, NULL, NULL, NULL, NULL, '2025-04-23 23:11:10', '2025-04-23 23:11:10', NULL),
	(728, 50, 171, 'sgc', 'pro_cadastro', 'remember_token', 'Token', 'col-12 col-sm-4', 'Y', 8, 'text', NULL, 'Token', 'N', '8', 'HformInputTextLetters', NULL, NULL, NULL, NULL, NULL, NULL, NULL, NULL, NULL, NULL, '2025-04-23 23:11:10', '2025-04-23 23:11:10', NULL),
	(729, 50, 171, 'sgc', 'pro_cadastro', 'created_by', 'Criado por', 'col-12 col-sm-4', 'Y', 9, 'text', NULL, 'Criado por', 'N', '9', 'HformInputTextLetters', NULL, NULL, NULL, NULL, NULL, NULL, NULL, NULL, NULL, NULL, '2025-04-23 23:11:10', '2025-04-23 23:11:10', NULL),
	(730, 50, 172, 'sgc', 'pro_cadastro', 'created_by_name', 'Criado quem', 'col-12 col-sm-4', 'Y', 10, 'text', NULL, 'Criado quem', 'N', '10', 'HformInputTextLetters', NULL, NULL, NULL, NULL, NULL, NULL, NULL, NULL, NULL, NULL, '2025-04-23 23:11:10', '2025-04-23 23:11:10', NULL),
	(731, 50, 172, 'sgc', 'pro_cadastro', 'updated_by', 'Atualizado por', 'col-12 col-sm-4', 'Y', 11, 'text', NULL, 'Atualizado por', 'N', '11', 'HformInputTextLetters', NULL, NULL, NULL, NULL, NULL, NULL, NULL, NULL, NULL, NULL, '2025-04-23 23:11:10', '2025-04-23 23:11:11', NULL),
	(732, 50, 172, 'sgc', 'pro_cadastro', 'updated_by_name', 'Atualizado quem', 'col-12 col-sm-4', 'Y', 12, 'text', NULL, 'Atualizado quem', 'N', '12', 'HformInputTextLetters', NULL, NULL, NULL, NULL, NULL, NULL, NULL, NULL, NULL, NULL, '2025-04-23 23:11:10', '2025-04-23 23:11:11', NULL),
	(733, 54, 205, 'sgc', 'pro_cadastro', 'created_at', 'Criado em', 'col-12 col-sm-4', 'Y', 13, 'date', NULL, 'Criado em', 'N', '13', 'AppDate', NULL, NULL, NULL, NULL, NULL, NULL, NULL, NULL, NULL, NULL, '2025-04-23 23:11:10', '2025-04-24 00:10:32', NULL),
	(734, 54, 213, 'sgc', 'pro_cadastro', 'updated_at', 'Atualizado em', 'col-12 col-sm-4', 'Y', 14, 'date', NULL, 'Atualizado em', 'N', '14', 'AppDate', NULL, NULL, NULL, NULL, NULL, NULL, NULL, NULL, NULL, NULL, '2025-04-23 23:11:10', '2025-04-24 00:10:33', NULL),
	(735, 54, 206, 'sgc', 'pro_cadastro', 'deleted_at', 'Deletado em', 'col-12 col-sm-4', 'Y', 15, 'date', NULL, 'Deletado em', 'N', '15', 'AppDate', NULL, NULL, NULL, NULL, NULL, NULL, NULL, NULL, NULL, NULL, '2025-04-23 23:11:10', '2025-04-24 00:10:32', NULL),
	(823, 54, 204, 'hform', 'form_builder_field', 'accessKey', 'Chave de Acesso (Control+Alt+[letra])', 'col-12 col-sm-4', 'Y', 1, 'text', NULL, 'Chave de Acesso (Control+Alt+[letra])', 'N', '1', 'HformInputTextLetters', NULL, NULL, NULL, NULL, NULL, NULL, NULL, NULL, NULL, NULL, '2025-04-24 00:10:31', '2025-04-24 00:10:32', NULL),
	(824, 54, 204, 'hform', 'form_builder_field', 'autoFocus', 'Campo Inicial', 'col-12 col-sm-4', 'Y', 2, 'radio', NULL, 'Campo Inicial', 'N', '2', 'AppRadio', NULL, NULL, NULL, NULL, NULL, NULL, NULL, NULL, NULL, NULL, '2025-04-24 00:10:31', '2025-04-24 00:10:32', NULL),
	(825, 54, 204, 'hform', 'form_builder_field', 'col_sm', 'Coluna 12/4 (Bootstrap)', 'col-12 col-sm-4', 'Y', 3, 'text', NULL, 'Coluna 12/4 (Bootstrap)', 'N', '3', 'HformInputTextLetters', NULL, NULL, NULL, NULL, NULL, NULL, NULL, NULL, NULL, NULL, '2025-04-24 00:10:31', '2025-04-24 00:10:32', NULL),
	(826, 54, 205, 'hform', 'form_builder_field', 'column', 'Coluna', 'col-12 col-sm-4', 'Y', 4, 'text', NULL, 'Coluna', 'N', '4', 'HformInputTextLetters', NULL, NULL, NULL, NULL, NULL, NULL, NULL, NULL, NULL, NULL, '2025-04-24 00:10:31', '2025-04-24 00:10:32', NULL),
	(827, 54, 205, 'hform', 'form_builder_field', 'created_at', 'Criado em', 'col-12 col-sm-4', 'Y', 5, 'date', NULL, 'Criado em', 'N', '5', 'AppDate', NULL, NULL, NULL, NULL, NULL, NULL, NULL, NULL, NULL, NULL, '2025-04-24 00:10:31', '2025-04-24 00:10:32', NULL),
	(828, 54, 205, 'hform', 'form_builder_field', 'database', 'Banco de Dados', 'col-12 col-sm-4', 'Y', 6, 'text', NULL, 'Banco de Dados', 'N', '6', 'HformInputTextLetters', NULL, NULL, NULL, NULL, NULL, NULL, NULL, NULL, NULL, NULL, '2025-04-24 00:10:31', '2025-04-24 00:10:32', NULL),
	(829, 54, 206, 'hform', 'form_builder_field', 'deleted_at', 'Deletado em', 'col-12 col-sm-4', 'Y', 7, 'date', NULL, 'Deletado em', 'N', '7', 'AppDate', NULL, NULL, NULL, NULL, NULL, NULL, NULL, NULL, NULL, NULL, '2025-04-24 00:10:31', '2025-04-24 00:10:32', NULL),
	(830, 54, 206, 'hform', 'form_builder_field', 'errorMessage', 'Mensagem de Erro', 'col-12 col-sm-4', 'Y', 8, 'text', NULL, 'Mensagem de Erro', 'N', '8', 'HformInputTextLetters', NULL, NULL, NULL, NULL, NULL, NULL, NULL, NULL, NULL, NULL, '2025-04-24 00:10:31', '2025-04-24 00:10:32', NULL),
	(831, 54, 206, 'hform', 'form_builder_field', 'form_builder_id', 'ID de Construção (DB)', 'col-12 col-sm-4', 'Y', 9, 'text', NULL, 'ID de Construção (DB)', 'N', '9', 'HformInputTextLetters', NULL, NULL, NULL, NULL, NULL, NULL, NULL, NULL, NULL, NULL, '2025-04-24 00:10:31', '2025-04-24 00:10:32', NULL),
	(832, 54, 207, 'hform', 'form_builder_field', 'form_builder_style_row_id', 'ID da Linha do Campo', 'col-12 col-sm-4', 'Y', 10, 'text', NULL, 'ID da Linha do Campo', 'N', '10', 'HformInputTextLetters', NULL, NULL, NULL, NULL, NULL, NULL, NULL, NULL, NULL, NULL, '2025-04-24 00:10:31', '2025-04-24 00:10:32', NULL),
	(833, 54, 207, 'hform', 'form_builder_field', 'form_on', 'Exibe no Formulario', 'col-12 col-sm-4', 'Y', 11, 'radio', NULL, 'Exibe no Formulario', 'N', '11', 'AppRadio', NULL, NULL, NULL, NULL, NULL, NULL, NULL, NULL, NULL, NULL, '2025-04-24 00:10:31', '2025-04-24 00:10:32', NULL),
	(834, 54, 207, 'hform', 'form_builder_field', 'id', 'ID', 'col-12 col-sm-4', 'Y', 12, 'text', NULL, 'ID', 'N', '12', 'HformInputTextLetters', NULL, NULL, NULL, NULL, NULL, NULL, NULL, NULL, NULL, NULL, '2025-04-24 00:10:31', '2025-04-24 00:10:32', NULL),
	(835, 54, 208, 'hform', 'form_builder_field', 'label', 'Nome do Campo', 'col-12 col-sm-4', 'Y', 13, 'text', NULL, 'Nome do Campo', 'N', '13', 'HformInputTextLetters', NULL, NULL, NULL, NULL, NULL, NULL, NULL, NULL, NULL, NULL, '2025-04-24 00:10:31', '2025-04-24 00:10:32', NULL),
	(836, 54, 208, 'hform', 'form_builder_field', 'map_list', 'JSON do Dropdown', 'col-12 col-sm-4', 'Y', 14, 'text', NULL, 'JSON do Dropdown', 'N', '14', 'HformInputTextLetters', NULL, NULL, NULL, NULL, NULL, NULL, NULL, NULL, NULL, NULL, '2025-04-24 00:10:31', '2025-04-24 00:10:32', NULL),
	(837, 54, 208, 'hform', 'form_builder_field', 'map_list_table', 'Tabela do Dropdown', 'col-12 col-sm-4', 'Y', 15, 'text', NULL, 'Tabela do Dropdown', 'N', '15', 'HformInputTextLetters', NULL, NULL, NULL, NULL, NULL, NULL, NULL, NULL, NULL, NULL, '2025-04-24 00:10:31', '2025-04-24 00:10:32', NULL),
	(838, 54, 209, 'hform', 'form_builder_field', 'map_list_table_column_key', 'Valor Key do Dropdown', 'col-12 col-sm-4', 'Y', 16, 'text', NULL, 'Valor Key do Dropdown', 'N', '16', 'HformInputTextLetters', NULL, NULL, NULL, NULL, NULL, NULL, NULL, NULL, NULL, NULL, '2025-04-24 00:10:31', '2025-04-24 00:10:32', NULL),
	(839, 54, 209, 'hform', 'form_builder_field', 'map_list_table_column_value', 'Valor exibido do Dropdown', 'col-12 col-sm-4', 'Y', 17, 'text', NULL, 'Valor exibido do Dropdown', 'N', '17', 'HformInputTextLetters', NULL, NULL, NULL, NULL, NULL, NULL, NULL, NULL, NULL, NULL, '2025-04-24 00:10:31', '2025-04-24 00:10:32', NULL),
	(840, 54, 209, 'hform', 'form_builder_field', 'maxLength', 'Quntidade Maxima', 'col-12 col-sm-4', 'Y', 18, 'text', NULL, 'Quntidade Maxima', 'N', '18', 'HformInputTextLetters', NULL, NULL, NULL, NULL, NULL, NULL, NULL, NULL, NULL, NULL, '2025-04-24 00:10:32', '2025-04-24 00:10:32', NULL),
	(841, 54, 210, 'hform', 'form_builder_field', 'minLength', 'Quntidade Mínima', 'col-12 col-sm-4', 'Y', 19, 'text', NULL, 'Quntidade Mínima', 'N', '19', 'HformInputTextLetters', NULL, NULL, NULL, NULL, NULL, NULL, NULL, NULL, NULL, NULL, '2025-04-24 00:10:32', '2025-04-24 00:10:32', NULL),
	(842, 54, 210, 'hform', 'form_builder_field', 'order', 'Ordem do campo', 'col-12 col-sm-4', 'Y', 20, 'text', NULL, 'Ordem do campo', 'N', '20', 'HformInputTextLetters', NULL, NULL, NULL, NULL, NULL, NULL, NULL, NULL, NULL, NULL, '2025-04-24 00:10:32', '2025-04-24 00:10:32', NULL),
	(843, 54, 210, 'hform', 'form_builder_field', 'pattern', 'Padrão/Regra', 'col-12 col-sm-4', 'Y', 21, 'text', NULL, 'Padrão/Regra', 'N', '21', 'HformInputTextLetters', NULL, NULL, NULL, NULL, NULL, NULL, NULL, NULL, NULL, NULL, '2025-04-24 00:10:32', '2025-04-24 00:10:32', NULL),
	(844, 54, 211, 'hform', 'form_builder_field', 'placeholder', 'Valor Explicativo', 'col-12 col-sm-4', 'Y', 22, 'text', NULL, 'Valor Explicativo', 'N', '22', 'HformInputTextLetters', NULL, NULL, NULL, NULL, NULL, NULL, NULL, NULL, NULL, NULL, '2025-04-24 00:10:32', '2025-04-24 00:10:32', NULL),
	(845, 54, 211, 'hform', 'form_builder_field', 'required', 'Valor Requerido', 'col-12 col-sm-4', 'Y', 23, 'radio', NULL, 'Valor Requerido', 'N', '23', 'AppRadio', NULL, NULL, NULL, NULL, NULL, NULL, NULL, NULL, NULL, NULL, '2025-04-24 00:10:32', '2025-04-24 00:10:32', NULL),
	(846, 54, 211, 'hform', 'form_builder_field', 'sub_type', 'Sub tipo', 'col-12 col-sm-4', 'Y', 24, 'text', NULL, 'Sub tipo', 'N', '24', 'HformInputTextLetters', NULL, NULL, NULL, NULL, NULL, NULL, NULL, NULL, NULL, NULL, '2025-04-24 00:10:32', '2025-04-24 00:10:33', NULL),
	(847, 54, 212, 'hform', 'form_builder_field', 'tabIndex', 'Ordem de Tabulação', 'col-12 col-sm-4', 'Y', 25, 'text', NULL, 'Ordem de Tabulação', 'N', '25', 'HformInputTextLetters', NULL, NULL, NULL, NULL, NULL, NULL, NULL, NULL, NULL, NULL, '2025-04-24 00:10:32', '2025-04-24 00:10:33', NULL),
	(848, 54, 212, 'hform', 'form_builder_field', 'table', 'Nome da Tabela', 'col-12 col-sm-4', 'Y', 26, 'text', NULL, 'Nome da Tabela', 'N', '26', 'HformInputTextLetters', NULL, NULL, NULL, NULL, NULL, NULL, NULL, NULL, NULL, NULL, '2025-04-24 00:10:32', '2025-04-24 00:10:33', NULL),
	(849, 54, 212, 'hform', 'form_builder_field', 'tipoMask', 'Tipo de Mascara', 'col-12 col-sm-4', 'Y', 27, 'text', NULL, 'Tipo de Mascara', 'N', '27', 'HformInputTextLetters', NULL, NULL, NULL, NULL, NULL, NULL, NULL, NULL, NULL, NULL, '2025-04-24 00:10:32', '2025-04-24 00:10:33', NULL),
	(850, 54, 213, 'hform', 'form_builder_field', 'type', 'Tipo', 'col-12 col-sm-4', 'Y', 28, 'dropdown', NULL, 'Tipo', 'N', '28', 'AppSelect', NULL, NULL, NULL, NULL, NULL, NULL, NULL, NULL, NULL, NULL, '2025-04-24 00:10:32', '2025-04-24 00:10:33', NULL),
	(851, 54, 213, 'hform', 'form_builder_field', 'updated_at', 'Atualizado em', 'col-12 col-sm-4', 'Y', 29, 'date', NULL, 'Atualizado em', 'N', '29', 'AppDate', NULL, NULL, NULL, NULL, NULL, NULL, NULL, NULL, NULL, NULL, '2025-04-24 00:10:32', '2025-04-24 00:10:33', NULL);

CREATE TABLE IF NOT EXISTS `form_builder_style_row` (
  `id` bigint NOT NULL AUTO_INCREMENT,
  `database` varchar(50) COLLATE utf8mb4_general_ci DEFAULT NULL,
  `table` varchar(50) COLLATE utf8mb4_general_ci DEFAULT NULL,
  `order` varchar(50) COLLATE utf8mb4_general_ci DEFAULT NULL,
  `row` varchar(50) COLLATE utf8mb4_general_ci DEFAULT NULL,
  `created_at` datetime DEFAULT (now()),
  `updated_at` datetime DEFAULT (now()) ON UPDATE CURRENT_TIMESTAMP,
  `deleted_at` datetime DEFAULT NULL,
  PRIMARY KEY (`id`)
) ENGINE=InnoDB AUTO_INCREMENT=214 DEFAULT CHARSET=utf8mb4 COLLATE=utf8mb4_general_ci;

INSERT INTO `form_builder_style_row` (`id`, `database`, `table`, `order`, `row`, `created_at`, `updated_at`, `deleted_at`) VALUES
	(169, 'sgc', 'pro_cadastro', '1', 'row', '2025-04-23 23:11:10', '2025-04-23 23:11:10', NULL),
	(170, 'sgc', 'pro_cadastro', '4', 'row', '2025-04-23 23:11:10', '2025-04-23 23:11:10', NULL),
	(171, 'sgc', 'pro_cadastro', '7', 'row', '2025-04-23 23:11:10', '2025-04-23 23:11:10', NULL),
	(172, 'sgc', 'pro_cadastro', '10', 'row', '2025-04-23 23:11:10', '2025-04-23 23:11:10', NULL),
	(173, 'sgc', 'pro_cadastro', '13', 'row', '2025-04-23 23:11:11', '2025-04-23 23:11:11', NULL),
	(204, 'hform', 'form_builder_field', '1', 'row', '2025-04-24 00:10:32', '2025-04-24 00:10:32', NULL),
	(205, 'hform', 'form_builder_field', '4', 'row', '2025-04-24 00:10:32', '2025-04-24 00:10:32', NULL),
	(206, 'hform', 'form_builder_field', '7', 'row', '2025-04-24 00:10:32', '2025-04-24 00:10:32', NULL),
	(207, 'hform', 'form_builder_field', '10', 'row', '2025-04-24 00:10:32', '2025-04-24 00:10:32', NULL),
	(208, 'hform', 'form_builder_field', '13', 'row', '2025-04-24 00:10:32', '2025-04-24 00:10:32', NULL),
	(209, 'hform', 'form_builder_field', '16', 'row', '2025-04-24 00:10:32', '2025-04-24 00:10:32', NULL),
	(210, 'hform', 'form_builder_field', '19', 'row', '2025-04-24 00:10:32', '2025-04-24 00:10:32', NULL),
	(211, 'hform', 'form_builder_field', '22', 'row', '2025-04-24 00:10:32', '2025-04-24 00:10:32', NULL),
	(212, 'hform', 'form_builder_field', '25', 'row', '2025-04-24 00:10:33', '2025-04-24 00:10:33', NULL),
	(213, 'hform', 'form_builder_field', '28', 'row', '2025-04-24 00:10:33', '2025-04-24 00:10:33', NULL);

CREATE TABLE IF NOT EXISTS `form_complement_label` (
  `id` int NOT NULL AUTO_INCREMENT,
  `column` varchar(50) COLLATE utf8mb4_general_ci DEFAULT NULL,
  `label` varchar(50) COLLATE utf8mb4_general_ci DEFAULT NULL,
  `created_at` datetime DEFAULT (now()),
  `updated_at` datetime DEFAULT (now()) ON UPDATE CURRENT_TIMESTAMP,
  `deleted_at` datetime DEFAULT NULL,
  PRIMARY KEY (`id`)
) ENGINE=InnoDB AUTO_INCREMENT=113 DEFAULT CHARSET=utf8mb4 COLLATE=utf8mb4_general_ci;

INSERT INTO `form_complement_label` (`id`, `column`, `label`, `created_at`, `updated_at`, `deleted_at`) VALUES
	(1, 'answer_phone', 'Telefone (Recado)', '2025-04-20 18:10:38', '2025-04-20 18:10:38', NULL),
	(2, 'aprovado', 'Aprovado', '2025-04-20 18:10:38', '2025-04-20 18:10:38', NULL),
	(3, 'assunto_id', 'ID (Assunto)', '2025-04-20 18:10:38', '2025-04-20 18:10:38', NULL),
	(4, 'autor_id', 'ID (Autor)', '2025-04-20 18:10:38', '2025-04-20 18:10:38', NULL),
	(5, 'bidding', 'Licitação', '2025-04-20 18:10:38', '2025-04-20 18:10:38', NULL),
	(6, 'biological_sex', 'Sexo', '2025-04-20 18:10:38', '2025-04-20 18:10:38', NULL),
	(7, 'bol_active', 'Ativo (Sim/Não)', '2025-04-20 18:10:38', '2025-04-20 18:10:38', NULL),
	(8, 'cell_phone', 'Telefone Celular', '2025-04-20 18:10:38', '2025-04-20 18:10:38', NULL),
	(9, 'cep', 'Cep', '2025-04-20 18:10:38', '2025-04-20 18:10:38', NULL),
	(10, 'cidade', 'Cidade', '2025-04-20 18:10:38', '2025-04-20 18:10:38', NULL),
	(11, 'city', 'Cidade', '2025-04-20 18:10:38', '2025-04-20 18:10:38', NULL),
	(12, 'company_address', 'Endereço (Empresa)', '2025-04-20 18:10:38', '2025-04-20 18:10:38', NULL),
	(13, 'comunicado_id', 'ID (Comunicado)', '2025-04-20 18:10:38', '2025-04-20 18:10:38', NULL),
	(14, 'com_destaque', 'Destaque (Comunicado)', '2025-04-20 18:10:38', '2025-04-20 18:10:38', NULL),
	(15, 'conteudo', 'Conteúdo', '2025-04-20 18:10:38', '2025-04-20 18:10:38', NULL),
	(16, 'data_aprovacao', 'Data de Aprovação', '2025-04-20 18:10:38', '2025-04-20 18:10:38', NULL),
	(17, 'data_publicacao', 'Datta de Publicação', '2025-04-20 18:10:38', '2025-04-20 18:10:38', NULL),
	(18, 'date_end', 'Data Fim', '2025-04-20 18:10:38', '2025-04-20 18:10:38', NULL),
	(19, 'date_start', 'Data Inicio', '2025-04-20 18:10:38', '2025-04-20 18:10:38', NULL),
	(20, 'deadline', 'Prazo', '2025-04-20 18:10:38', '2025-04-20 18:10:38', NULL),
	(21, 'descricao', 'Descrição', '2025-04-20 18:10:38', '2025-04-20 18:10:38', NULL),
	(22, 'destaque', 'Destaque', '2025-04-20 18:10:38', '2025-04-20 18:10:38', NULL),
	(23, 'endereco', 'Endereço', '2025-04-20 18:10:38', '2025-04-20 18:10:38', NULL),
	(24, 'endereco_residencial', 'Endereço (Residencial)', '2025-04-20 18:10:38', '2025-04-20 18:10:38', NULL),
	(25, 'full_name', 'Nome Completo', '2025-04-20 18:10:39', '2025-04-20 18:10:39', NULL),
	(26, 'gender_identity', 'Identidasde de Gênero', '2025-04-20 18:10:39', '2025-04-20 18:10:39', NULL),
	(27, 'icone_id', 'Id (Ícone)', '2025-04-20 18:10:39', '2025-04-20 18:10:39', NULL),
	(28, 'icone_svg', 'Ícone SVG', '2025-04-20 18:10:39', '2025-04-20 18:10:39', NULL),
	(29, 'ID', 'ID', '2025-04-20 18:10:39', '2025-04-20 18:10:39', NULL),
	(30, 'id', 'ID', '2025-04-20 18:10:39', '2025-04-20 18:10:39', NULL),
	(31, 'id_link', 'ID (Link)', '2025-04-20 18:10:39', '2025-04-20 18:10:39', NULL),
	(32, 'justify', 'Justificativa', '2025-04-20 18:10:39', '2025-04-20 18:10:39', NULL),
	(33, 'landline', 'Telefone', '2025-04-20 18:10:39', '2025-04-20 18:10:39', NULL),
	(34, 'link', 'Link', '2025-04-20 18:10:39', '2025-04-20 18:10:39', NULL),
	(35, 'made', 'Feito', '2025-04-20 18:10:39', '2025-04-20 18:10:39', NULL),
	(36, 'municipality', 'Município', '2025-04-20 18:10:39', '2025-04-20 18:10:39', NULL),
	(37, 'municipio', 'Município', '2025-04-20 18:10:39', '2025-04-20 18:10:39', NULL),
	(38, 'name', 'Nome', '2025-04-20 18:10:39', '2025-04-20 18:10:39', NULL),
	(39, 'name_full', 'Nome Completo', '2025-04-20 18:10:39', '2025-04-20 18:10:39', NULL),
	(40, 'nome', 'Nome', '2025-04-20 18:10:39', '2025-04-20 18:10:39', NULL),
	(41, 'not_fulfilled', 'Não Cumprido', '2025-04-20 18:10:39', '2025-04-20 18:10:39', NULL),
	(42, 'orderc', 'Ordem', '2025-04-20 18:10:39', '2025-04-20 18:10:39', NULL),
	(43, 'pk_bidding', 'ID (Licitação)', '2025-04-20 18:10:39', '2025-04-20 18:10:39', NULL),
	(44, 'pk_bidding', 'ID (Licitação)', '2025-04-20 18:10:39', '2025-04-20 18:10:39', NULL),
	(45, 'pk_stage', 'ID (Estagio)', '2025-04-20 18:10:39', '2025-04-20 18:10:39', NULL),
	(46, 'pk_user', 'ID (Usuário)', '2025-04-20 18:10:39', '2025-04-20 18:10:39', NULL),
	(47, 'priority', 'Prioridade', '2025-04-20 18:10:39', '2025-04-20 18:10:39', NULL),
	(48, 'residential_address', 'Endereço (Residencial)', '2025-04-20 18:10:39', '2025-04-20 18:10:39', NULL),
	(49, 'rotulo', 'Rótulo', '2025-04-20 18:10:39', '2025-04-20 18:10:39', NULL),
	(50, 'rotulo', 'Rótulo', '2025-04-20 18:10:39', '2025-04-20 18:10:39', NULL),
	(51, 'sei', 'SEI', '2025-04-20 18:10:39', '2025-04-20 18:10:39', NULL),
	(52, 'sexo', 'Sexo', '2025-04-20 18:10:39', '2025-04-20 18:10:39', NULL),
	(53, 'sexo_biologico', 'Sexo', '2025-04-20 18:10:39', '2025-04-20 18:10:39', NULL),
	(54, 'str_acronym', 'Sigla', '2025-04-20 18:10:39', '2025-04-20 18:10:39', NULL),
	(55, 'str_cod_validator', 'Código Validador', '2025-04-20 18:10:39', '2025-04-20 18:10:39', NULL),
	(56, 'str_departament', 'Departamento', '2025-04-20 18:10:39', '2025-04-20 18:10:39', NULL),
	(57, 'str_description', 'Descrição', '2025-04-20 18:10:39', '2025-04-20 18:10:39', NULL),
	(58, 'str_hierarchy', 'Hierarquia', '2025-04-20 18:10:39', '2025-04-20 18:10:39', NULL),
	(59, 'str_mail', 'E-mail', '2025-04-20 18:10:39', '2025-04-20 18:10:39', NULL),
	(60, 'str_name', 'Nome', '2025-04-20 18:10:39', '2025-04-20 18:10:39', NULL),
	(61, 'str_nickname', 'Apelido', '2025-04-20 18:10:39', '2025-04-20 18:10:39', NULL),
	(62, 'str_password', 'Senha', '2025-04-20 18:10:39', '2025-04-20 18:10:39', NULL),
	(63, 'str_profile', 'Perfil', '2025-04-20 18:10:39', '2025-04-20 18:10:39', NULL),
	(64, 'str_responsible', 'Responsabilidadee', '2025-04-20 18:10:39', '2025-04-20 18:10:39', NULL),
	(65, 'str_user', 'Usuário', '2025-04-20 18:10:39', '2025-04-20 18:10:39', NULL),
	(66, 'str_whatsapp', 'Whatsapp', '2025-04-20 18:10:39', '2025-04-20 18:10:39', NULL),
	(67, 'system', 'Sistema', '2025-04-20 18:10:39', '2025-04-20 18:10:39', NULL),
	(68, 'telefone', 'Telefone', '2025-04-20 18:10:39', '2025-04-20 18:10:39', NULL),
	(69, 'telefone_celular', 'Telefone (Celular)', '2025-04-20 18:10:39', '2025-04-20 18:10:39', NULL),
	(70, 'telefone_fixo', 'Telefone', '2025-04-20 18:10:39', '2025-04-20 18:10:39', NULL),
	(71, 'telefone_recado', 'Telefone (Recado)', '2025-04-20 18:10:39', '2025-04-20 18:10:39', NULL),
	(72, 'tipo', 'Tipo', '2025-04-20 18:10:39', '2025-04-20 18:10:39', NULL),
	(73, 'titulo', 'Título', '2025-04-20 18:10:39', '2025-04-20 18:10:39', NULL),
	(74, 'type', 'Tipo', '2025-04-20 18:10:39', '2025-04-20 18:10:39', NULL),
	(75, 'url', 'URL', '2025-04-20 18:10:39', '2025-04-20 18:10:39', NULL),
	(76, 'zip_code', 'Cep', '2025-04-20 18:10:39', '2025-04-20 18:10:39', NULL),
	(77, 'pro_origem_id', 'Origem (ID)', '2025-04-23 15:00:22', '2025-04-23 15:00:22', NULL),
	(78, 'active', 'Ativo', '2025-04-23 15:00:33', '2025-04-23 15:00:33', NULL),
	(79, 'cnpj_cpf', 'CNPJ/CPF', '2025-04-23 15:01:03', '2025-04-23 15:01:03', NULL),
	(80, 'remember_token', 'Token', '2025-04-23 15:01:12', '2025-04-23 15:01:12', NULL),
	(81, 'created_by', 'Criado por', '2025-04-23 15:01:33', '2025-04-23 15:02:33', NULL),
	(82, 'created_by_name', 'Criado quem', '2025-04-23 15:01:41', '2025-04-23 15:02:40', NULL),
	(83, 'updated_by', 'Atualizado por', '2025-04-23 15:01:56', '2025-04-23 15:02:44', NULL),
	(84, 'updated_by_name', 'Atualizado quem', '2025-04-23 15:02:24', '2025-04-23 15:02:51', NULL),
	(85, 'created_at', 'Criado em', '2025-04-23 15:03:02', '2025-04-23 15:03:24', NULL),
	(86, 'updated_at', 'Atualizado em', '2025-04-23 15:03:09', '2025-04-23 15:03:30', NULL),
	(87, 'deleted_at', 'Deletado em', '2025-04-23 15:03:15', '2025-04-23 15:03:34', NULL),
	(88, 'sigla_pronome_tratamento', 'SIGLA / Pronome de tratamento', '2025-04-23 15:05:09', '2025-04-23 15:05:09', NULL),
	(89, 'accessKey', 'Chave de Acesso (Control+Alt+[letra])', '2025-04-23 23:25:11', '2025-04-23 23:27:28', NULL),
	(90, 'autoFocus', 'Campo Inicial', '2025-04-23 23:27:50', '2025-04-23 23:28:02', NULL),
	(91, 'col_sm', 'Coluna 12/4 (Bootstrap)', '2025-04-23 23:28:18', '2025-04-23 23:28:44', NULL),
	(92, 'column', 'Coluna', '2025-04-23 23:28:59', '2025-04-23 23:28:59', NULL),
	(93, 'database', 'Banco de Dados', '2025-04-23 23:29:23', '2025-04-23 23:29:29', NULL),
	(94, 'errorMessage', 'Mensagem de Erro', '2025-04-23 23:29:49', '2025-04-23 23:29:49', NULL),
	(95, 'form_builder_id', 'ID de Construção (DB)', '2025-04-23 23:31:18', '2025-04-23 23:31:18', NULL),
	(96, 'form_builder_style_row_id', 'ID da Linha do Campo', '2025-04-23 23:31:45', '2025-04-23 23:31:45', NULL),
	(97, 'form_on', 'Exibe no Formulario', '2025-04-23 23:31:54', '2025-04-23 23:32:34', NULL),
	(98, 'label', 'Nome do Campo', '2025-04-23 23:32:57', '2025-04-23 23:32:57', NULL),
	(99, 'map_list', 'JSON do Dropdown', '2025-04-23 23:33:39', '2025-04-23 23:33:39', NULL),
	(100, 'map_list_table', 'Tabela do Dropdown', '2025-04-23 23:34:08', '2025-04-23 23:34:08', NULL),
	(101, 'map_list_table_column_key', 'Valor Key do Dropdown', '2025-04-23 23:34:24', '2025-04-23 23:34:24', NULL),
	(102, 'map_list_table_column_value', 'Valor exibido do Dropdown', '2025-04-23 23:34:40', '2025-04-23 23:35:10', NULL),
	(103, 'maxLength', 'Quntidade Maxima', '2025-04-23 23:35:41', '2025-04-23 23:35:41', NULL),
	(104, 'minLength', 'Quntidade Mínima', '2025-04-23 23:35:50', '2025-04-23 23:35:57', NULL),
	(105, 'order', 'Ordem do campo', '2025-04-23 23:36:24', '2025-04-23 23:36:24', NULL),
	(106, 'pattern', 'Padrão/Regra', '2025-04-23 23:36:46', '2025-04-23 23:36:46', NULL),
	(107, 'placeholder', 'Valor Explicativo', '2025-04-23 23:37:10', '2025-04-23 23:37:10', NULL),
	(108, 'required', 'Valor Requerido', '2025-04-23 23:37:24', '2025-04-23 23:37:24', NULL),
	(109, 'sub_type', 'Sub tipo', '2025-04-23 23:37:41', '2025-04-23 23:37:41', NULL),
	(110, 'tabIndex', 'Ordem de Tabulação', '2025-04-23 23:38:20', '2025-04-23 23:38:20', NULL),
	(111, 'table', 'Nome da Tabela', '2025-04-23 23:38:43', '2025-04-23 23:38:43', NULL),
	(112, 'tipoMask', 'Tipo de Mascara', '2025-04-23 23:38:50', '2025-04-23 23:38:50', NULL);

CREATE TABLE IF NOT EXISTS `form_complement_type` (
  `id` int NOT NULL AUTO_INCREMENT,
  `column` varchar(50) COLLATE utf8mb4_general_ci DEFAULT NULL,
  `type` varchar(50) COLLATE utf8mb4_general_ci DEFAULT NULL,
  `sub_type` varchar(50) CHARACTER SET utf8mb4 COLLATE utf8mb4_general_ci DEFAULT NULL,
  `created_at` datetime DEFAULT (now()),
  `updated_at` datetime DEFAULT (now()) ON UPDATE CURRENT_TIMESTAMP,
  `deleted_at` datetime DEFAULT NULL,
  PRIMARY KEY (`id`)
) ENGINE=InnoDB AUTO_INCREMENT=109 DEFAULT CHARSET=utf8mb4 COLLATE=utf8mb4_general_ci;

INSERT INTO `form_complement_type` (`id`, `column`, `type`, `sub_type`, `created_at`, `updated_at`, `deleted_at`) VALUES
	(1, 'accessKey', 'text', 'HformInputTextLetters', '2025-04-24 00:09:13', '2025-04-24 00:09:13', NULL),
	(2, 'answer_phone', 'text', 'HformInputTextLetters', '2025-04-24 00:09:13', '2025-04-24 00:09:13', NULL),
	(3, 'aprovado', 'radio', 'AppRadio', '2025-04-24 00:09:13', '2025-04-24 00:09:13', NULL),
	(4, 'assunto_id', 'text', 'HformInputTextLetters', '2025-04-24 00:09:13', '2025-04-24 00:09:13', NULL),
	(5, 'autoFocus', 'radio', 'AppRadio', '2025-04-24 00:09:13', '2025-04-24 00:09:13', NULL),
	(6, 'autor_id', 'text', 'HformInputTextLetters', '2025-04-24 00:09:13', '2025-04-24 00:09:13', NULL),
	(7, 'bidding', 'text', 'HformInputTextLetters', '2025-04-24 00:09:13', '2025-04-24 00:09:13', NULL),
	(8, 'biological_sex', 'radio', 'AppRadio', '2025-04-24 00:09:13', '2025-04-24 00:09:13', NULL),
	(9, 'bol_active', 'radio', 'AppRadio', '2025-04-24 00:09:13', '2025-04-24 00:09:13', NULL),
	(10, 'cell_phone', 'text', 'HformInputTextMask', '2025-04-24 00:09:13', '2025-04-24 00:09:13', NULL),
	(11, 'cep', 'text', 'HformInputTextMask', '2025-04-24 00:09:13', '2025-04-24 00:09:13', NULL),
	(12, 'cidade', 'dropdown', 'AppSelect', '2025-04-24 00:09:13', '2025-04-24 00:09:13', NULL),
	(13, 'city', 'text', 'HformInputTextLetters', '2025-04-24 00:09:13', '2025-04-24 00:09:13', NULL),
	(14, 'cnpj_cpf', 'text', 'HformInputTextLetters', '2025-04-24 00:09:13', '2025-04-24 00:09:13', NULL),
	(15, 'column', 'text', 'HformInputTextLetters', '2025-04-24 00:09:13', '2025-04-24 00:09:13', NULL),
	(16, 'col_sm', 'text', 'HformInputTextLetters', '2025-04-24 00:09:13', '2025-04-24 00:09:13', NULL),
	(17, 'company_address', 'text', 'HformInputTextLetters', '2025-04-24 00:09:13', '2025-04-24 00:09:13', NULL),
	(18, 'comunicado_id', 'text', 'HformInputTextLetters', '2025-04-24 00:09:13', '2025-04-24 00:09:13', NULL),
	(19, 'com_destaque', 'radio', 'AppRadio', '2025-04-24 00:09:13', '2025-04-24 00:09:13', NULL),
	(20, 'conteudo', 'textarea', 'AppTextArea', '2025-04-24 00:09:13', '2025-04-24 00:09:13', NULL),
	(21, 'created_at', 'date', 'AppDate', '2025-04-24 00:09:13', '2025-04-24 00:09:13', NULL),
	(22, 'created_by', 'text', 'HformInputTextLetters', '2025-04-24 00:09:13', '2025-04-24 00:09:13', NULL),
	(23, 'created_by_name', 'text', 'HformInputTextLetters', '2025-04-24 00:09:13', '2025-04-24 00:09:13', NULL),
	(24, 'database', 'text', 'HformInputTextLetters', '2025-04-24 00:09:13', '2025-04-24 00:09:13', NULL),
	(25, 'data_aprovacao', 'date', 'AppDate', '2025-04-24 00:09:13', '2025-04-24 00:09:13', NULL),
	(26, 'data_publicacao', 'date', 'AppDate', '2025-04-24 00:09:14', '2025-04-24 00:09:14', NULL),
	(27, 'date_end', 'date', 'AppDateDual', '2025-04-24 00:09:14', '2025-04-24 00:09:14', NULL),
	(28, 'date_start', 'date', 'AppDateDual', '2025-04-24 00:09:14', '2025-04-24 00:09:14', NULL),
	(29, 'deadline', 'date', 'AppDate', '2025-04-24 00:09:14', '2025-04-24 00:09:14', NULL),
	(30, 'deleted_at', 'date', 'AppDate', '2025-04-24 00:09:14', '2025-04-24 00:09:14', NULL),
	(31, 'descricao', 'textarea', 'AppTextArea', '2025-04-24 00:09:14', '2025-04-24 00:09:14', NULL),
	(32, 'destaque', 'radio', 'AppRadio', '2025-04-24 00:09:14', '2025-04-24 00:09:14', NULL),
	(33, 'endereco', 'text', 'HformInputTextLetters', '2025-04-24 00:09:14', '2025-04-24 00:09:14', NULL),
	(34, 'endereco_residencial', 'text', 'HformInputTextLetters', '2025-04-24 00:09:14', '2025-04-24 00:09:14', NULL),
	(35, 'errorMessage', 'text', 'HformInputTextLetters', '2025-04-24 00:09:14', '2025-04-24 00:09:14', NULL),
	(36, 'form_builder_id', 'text', 'HformInputTextLetters', '2025-04-24 00:09:14', '2025-04-24 00:09:14', NULL),
	(37, 'form_builder_style_row_id', 'text', 'HformInputTextLetters', '2025-04-24 00:09:14', '2025-04-24 00:09:14', NULL),
	(38, 'form_on', 'radio', 'AppRadio', '2025-04-24 00:09:14', '2025-04-24 00:09:14', NULL),
	(39, 'full_name', 'text', 'HformInputTextLetters', '2025-04-24 00:09:14', '2025-04-24 00:09:14', NULL),
	(40, 'gender_identity', 'dropdown', 'AppSelect', '2025-04-24 00:09:14', '2025-04-24 00:09:14', NULL),
	(41, 'icone_id', 'text', 'HformInputTextLetters', '2025-04-24 00:09:14', '2025-04-24 00:09:14', NULL),
	(42, 'icone_svg', 'text', 'HformInputTextLetters', '2025-04-24 00:09:14', '2025-04-24 00:09:14', NULL),
	(43, 'ID', 'text', 'HformInputTextLetters', '2025-04-24 00:09:14', '2025-04-24 00:09:14', NULL),
	(44, 'id', 'text', 'HformInputTextLetters', '2025-04-24 00:09:14', '2025-04-24 00:09:14', NULL),
	(45, 'id_link', 'text', 'HformInputTextLetters', '2025-04-24 00:09:14', '2025-04-24 00:09:14', NULL),
	(46, 'justify', 'text', 'HformInputTextLetters', '2025-04-24 00:09:14', '2025-04-24 00:09:14', NULL),
	(47, 'label', 'text', 'HformInputTextLetters', '2025-04-24 00:09:14', '2025-04-24 00:09:14', NULL),
	(48, 'landline', 'text', 'HformInputTextLetters', '2025-04-24 00:09:14', '2025-04-24 00:09:14', NULL),
	(49, 'link', 'text', 'HformInputTextLetters', '2025-04-24 00:09:14', '2025-04-24 00:09:14', NULL),
	(50, 'made', 'radio', 'AppRadio', '2025-04-24 00:09:14', '2025-04-24 00:09:14', NULL),
	(51, 'map_list', 'textarea', 'AppTextArea', '2025-04-24 00:09:14', '2025-04-24 00:09:14', NULL),
	(52, 'map_list_table', 'text', 'HformInputTextLetters', '2025-04-24 00:09:14', '2025-04-24 00:09:14', NULL),
	(53, 'map_list_table_column_key', 'text', 'HformInputTextLetters', '2025-04-24 00:09:14', '2025-04-24 00:09:14', NULL),
	(54, 'map_list_table_column_value', 'text', 'HformInputTextLetters', '2025-04-24 00:09:14', '2025-04-24 00:09:14', NULL),
	(55, 'maxLength', 'text', 'HformInputTextLetters', '2025-04-24 00:09:14', '2025-04-24 00:09:14', NULL),
	(56, 'minLength', 'text', 'HformInputTextLetters', '2025-04-24 00:09:14', '2025-04-24 00:09:14', NULL),
	(57, 'municipality', 'dropdown', 'AppSelect', '2025-04-24 00:09:14', '2025-04-24 00:09:14', NULL),
	(58, 'municipio', 'dropdown', 'AppSelect', '2025-04-24 00:09:14', '2025-04-24 00:09:14', NULL),
	(59, 'name', 'text', 'HformInputTextLetters', '2025-04-24 00:09:14', '2025-04-24 00:09:14', NULL),
	(60, 'name_full', 'text', 'HformInputTextLetters', '2025-04-24 00:09:14', '2025-04-24 00:09:14', NULL),
	(61, 'nome', 'text', 'HformInputTextLetters', '2025-04-24 00:09:14', '2025-04-24 00:09:14', NULL),
	(62, 'not_fulfilled', 'radio', 'AppRadio', '2025-04-24 00:09:14', '2025-04-24 00:09:14', NULL),
	(63, 'order', 'text', 'HformInputTextLetters', '2025-04-24 00:09:14', '2025-04-24 00:09:14', NULL),
	(64, 'orderc', 'text', 'HformInputTextLetters', '2025-04-24 00:09:14', '2025-04-24 00:09:14', NULL),
	(65, 'pattern', 'text', 'HformInputTextLetters', '2025-04-24 00:09:14', '2025-04-24 00:09:14', NULL),
	(66, 'pk_bidding', 'text', 'HformInputTextLetters', '2025-04-24 00:09:14', '2025-04-24 00:09:14', NULL),
	(67, 'pk_stage', 'text', 'HformInputTextLetters', '2025-04-24 00:09:14', '2025-04-24 00:09:14', NULL),
	(68, 'pk_user', 'text', 'HformInputTextLetters', '2025-04-24 00:09:14', '2025-04-24 00:09:14', NULL),
	(69, 'placeholder', 'text', 'HformInputTextLetters', '2025-04-24 00:09:14', '2025-04-24 00:09:14', NULL),
	(70, 'priority', 'radio', 'AppRadio', '2025-04-24 00:09:14', '2025-04-24 00:09:14', NULL),
	(71, 'pro_origem_id', 'text', 'HformInputTextLetters', '2025-04-24 00:09:14', '2025-04-24 00:09:14', NULL),
	(72, 'remember_token', 'text', 'HformInputTextLetters', '2025-04-24 00:09:14', '2025-04-24 00:09:14', NULL),
	(73, 'required', 'radio', 'AppRadio', '2025-04-24 00:09:14', '2025-04-24 00:09:14', NULL),
	(74, 'residential_address', 'text', 'HformInputTextLetters', '2025-04-24 00:09:14', '2025-04-24 00:09:14', NULL),
	(75, 'rotulo', 'text', 'HformInputTextLetters', '2025-04-24 00:09:14', '2025-04-24 00:09:14', NULL),
	(76, 'sei', 'text', 'HformInputTextLetters', '2025-04-24 00:09:14', '2025-04-24 00:09:14', NULL),
	(77, 'sexo', 'radio', 'AppRadio', '2025-04-24 00:09:14', '2025-04-24 00:09:14', NULL),
	(78, 'sexo_biologico', 'radio', 'AppRadio', '2025-04-24 00:09:14', '2025-04-24 00:09:14', NULL),
	(79, 'sigla_pronome_tratamento', 'text', 'HformInputTextLetters', '2025-04-24 00:09:14', '2025-04-24 00:09:14', NULL),
	(80, 'str_acronym', 'text', 'HformInputTextLetters', '2025-04-24 00:09:14', '2025-04-24 00:09:14', NULL),
	(81, 'str_cod_validator', 'text', 'HformInputTextLetters', '2025-04-24 00:09:14', '2025-04-24 00:09:14', NULL),
	(82, 'str_departament', 'text', 'HformInputTextLetters', '2025-04-24 00:09:14', '2025-04-24 00:09:14', NULL),
	(83, 'str_description', 'text', 'HformInputTextLetters', '2025-04-24 00:09:14', '2025-04-24 00:09:14', NULL),
	(84, 'str_hierarchy', 'text', 'HformInputTextLetters', '2025-04-24 00:09:14', '2025-04-24 00:09:14', NULL),
	(85, 'str_mail', 'text', 'HformInputTextLetters', '2025-04-24 00:09:14', '2025-04-24 00:09:14', NULL),
	(86, 'str_name', 'text', 'HformInputTextLetters', '2025-04-24 00:09:14', '2025-04-24 00:09:14', NULL),
	(87, 'str_nickname', 'text', 'HformInputTextLetters', '2025-04-24 00:09:14', '2025-04-24 00:09:14', NULL),
	(88, 'str_password', 'text', 'HformInputTextLetters', '2025-04-24 00:09:14', '2025-04-24 00:09:14', NULL),
	(89, 'str_profile', 'dropdown', 'AppSelect', '2025-04-24 00:09:14', '2025-04-24 00:09:14', NULL),
	(90, 'str_responsible', 'text', 'HformInputTextLetters', '2025-04-24 00:09:14', '2025-04-24 00:09:14', NULL),
	(91, 'str_user', 'text', 'HformInputTextLetters', '2025-04-24 00:09:14', '2025-04-24 00:09:14', NULL),
	(92, 'str_whatsapp', 'text', 'HformInputTextMask', '2025-04-24 00:09:14', '2025-04-24 00:09:14', NULL),
	(93, 'sub_type', 'text', 'HformInputTextLetters', '2025-04-24 00:09:14', '2025-04-24 00:09:14', NULL),
	(94, 'system', 'text', 'HformInputTextLetters', '2025-04-24 00:09:14', '2025-04-24 00:09:14', NULL),
	(95, 'tabIndex', 'text', 'HformInputTextLetters', '2025-04-24 00:09:14', '2025-04-24 00:09:14', NULL),
	(96, 'table', 'text', 'HformInputTextLetters', '2025-04-24 00:09:14', '2025-04-24 00:09:14', NULL),
	(97, 'telefone', 'text', 'HformInputTextMask', '2025-04-24 00:09:14', '2025-04-24 00:09:14', NULL),
	(98, 'telefone_celular', 'text', 'HformInputTextMask', '2025-04-24 00:09:14', '2025-04-24 00:09:14', NULL),
	(99, 'telefone_fixo', 'text', 'HformInputTextMask', '2025-04-24 00:09:14', '2025-04-24 00:09:14', NULL),
	(100, 'telefone_recado', 'text', 'HformInputTextMask', '2025-04-24 00:09:14', '2025-04-24 00:09:14', NULL),
	(101, 'tipo', 'dropdown', 'AppSelect', '2025-04-24 00:09:14', '2025-04-24 00:09:14', NULL),
	(102, 'tipoMask', 'text', 'HformInputTextLetters', '2025-04-24 00:09:14', '2025-04-24 00:09:14', NULL),
	(103, 'titulo', 'text', 'HformInputTextLetters', '2025-04-24 00:09:14', '2025-04-24 00:09:14', NULL),
	(104, 'type', 'dropdown', 'AppSelect', '2025-04-24 00:09:14', '2025-04-24 00:09:14', NULL),
	(105, 'updated_at', 'date', 'AppDate', '2025-04-24 00:09:14', '2025-04-24 00:09:14', NULL),
	(106, 'updated_by_name', 'text', 'HformInputTextLetters', '2025-04-24 00:09:14', '2025-04-24 00:09:14', NULL),
	(107, 'url', 'text', 'HformInputTextLetters', '2025-04-24 00:09:14', '2025-04-24 00:09:14', NULL),
	(108, 'zip_code', 'text', 'HformInputTextMask', '2025-04-24 00:09:14', '2025-04-24 00:09:14', NULL);

/*!40103 SET TIME_ZONE=IFNULL(@OLD_TIME_ZONE, 'system') */;
/*!40101 SET SQL_MODE=IFNULL(@OLD_SQL_MODE, '') */;
/*!40014 SET FOREIGN_KEY_CHECKS=IFNULL(@OLD_FOREIGN_KEY_CHECKS, 1) */;
/*!40101 SET CHARACTER_SET_CLIENT=@OLD_CHARACTER_SET_CLIENT */;
/*!40111 SET SQL_NOTES=IFNULL(@OLD_SQL_NOTES, 1) */;
